<?xml version="1.0" encoding="UTF-8"?>
<project-private xmlns="http://www.netbeans.org/ns/project-private/1">
    <editor-bookmarks xmlns="http://www.netbeans.org/ns/editor-bookmarks/2" lastBookmarkId="0"/>
    <open-files xmlns="http://www.netbeans.org/ns/projectui-open-files/2">
        <group>
            <file>file:/C:/Users/Evindu/OneDrive/Documents/NetBeansProjects/thepawsshop/src/Classess/cashier.java</file>
            <file>file:/C:/Users/Evindu/OneDrive/Documents/NetBeansProjects/thepawsshop/src/UI/ReportMenu.java</file>
            <file>file:/C:/Users/Evindu/OneDrive/Documents/NetBeansProjects/thepawsshop/src/UI/CashierMenu.java</file>
            <file>file:/C:/Users/Evindu/OneDrive/Documents/NetBeansProjects/thepawsshop/src/Icons/View%20All%20Clients.png</file>
            <file>file:/C:/Users/Evindu/OneDrive/Documents/NetBeansProjects/thepawsshop/src/Classess/PetSupplies.java</file>
            <file>file:/C:/Users/Evindu/OneDrive/Documents/NetBeansProjects/thepawsshop/src/Icons/View%20All%20Users.png</file>
            <file>file:/C:/Users/Evindu/OneDrive/Documents/NetBeansProjects/thepawsshop/src/Icons/Manage%20User.png</file>
            <file>file:/C:/Users/Evindu/OneDrive/Documents/NetBeansProjects/thepawsshop/src/UI/CreateUser.java</file>
            <file>file:/C:/Users/Evindu/OneDrive/Documents/NetBeansProjects/thepawsshop/src/Icons/Create%20User.png</file>
            <file>file:/C:/Users/Evindu/OneDrive/Documents/NetBeansProjects/thepawsshop/src/UI/ManagerMenu.java</file>
            <file>file:/C:/Users/Evindu/OneDrive/Documents/NetBeansProjects/thepawsshop/src/Database/DBConnector.java</file>
            <file>file:/C:/Users/Evindu/OneDrive/Documents/NetBeansProjects/thepawsshop/src/UI/ManageUsers.java</file>
            <file>file:/C:/Users/Evindu/OneDrive/Documents/NetBeansProjects/thepawsshop/src/UI/ViewAllUsers.java</file>
            <file>file:/C:/Users/Evindu/OneDrive/Documents/NetBeansProjects/thepawsshop/src/UI/ViewAllsupplies.java</file>
            <file>file:/C:/Users/Evindu/OneDrive/Documents/NetBeansProjects/thepawsshop/src/Classess/Manager.java</file>
            <file>file:/C:/Users/Evindu/OneDrive/Documents/NetBeansProjects/thepawsshop/src/Classess/User.java</file>
            <file>file:/C:/Users/Evindu/OneDrive/Documents/NetBeansProjects/thepawsshop/src/UI/Managesupplies.java</file>
            <file>file:/C:/Users/Evindu/OneDrive/Documents/NetBeansProjects/thepawsshop/src/UI/Login.java</file>
            <file>file:/C:/Users/Evindu/OneDrive/Documents/NetBeansProjects/thepawsshop/src/Database/DBManager.java</file>
            <file>file:/C:/Users/Evindu/OneDrive/Documents/NetBeansProjects/thepawsshop/src/UI/AddSupplies.java</file>
        </group>
    </open-files>
</project-private>
